{"cameraMode":{"drawMode":0,"name":"Shaded","section":"Shading Mode"},"sceneLighting":true,"audioPlay":false,"sceneViewState":{"showFog":true,"showMaterialUpdate":false,"showSkybox":true,"showFlares":true,"showImageEffects":true,"showParticleSystems":true},"in2DMode":false,"pivot":{"x":0.5763423442840576,"y":-2.2864580154418947,"z":6.999696254730225},"rotation":{"x":0.2914793789386749,"y":0.021802710369229318,"z":-0.006707947701215744,"w":0.9564473628997803},"size":4.332059860229492,"orthographic":false}